author,title
Kang Zhao (Alibaba)*; Liuyihan Song (Alibaba Group); Yingya Zhang (Alibaba Group); Pan Pan (Alibaba Group); Xu Yinghui (Alibaba Group); rong jin (alibaba group),ANN Softmax: Acceleration of Extreme Classification Training
"Gyeong-In Yu (Seoul National University)*; Saeed Amizadeh (Microsoft); Sehoon Kim (University of California, Berkeley); Artidoro Pagnoni (Carnegie Mellon University); Ce Zhang (ETH); Byung-Gon Chun (Seoul National University); Markus Weimer (Microsoft); Matteo Interlandi (Microsoft)",WindTunnel: Towards Differentiable ML Pipelines Beyond a Single Model
Athinagoras Skiadopoulos (Stanford University)*; Qian Li (Stanford University); Peter Kraft (Stanford University); Kostis Kaffes (Stanford University); Daniel Hong (Massachusetts Institute of Technology (MIT) Media Lab); Shana Mathew (Massachusetts Institute of Technology ); David Bestor (MIT); Michael Cafarella (MIT CSAIL); Vijay Gadepally (MIT Lincoln Laboratory - USA); Goetz Graefe (Google); Jeremy Kepner (MIT Lincoln Laboratory); Christos Kozyrakis (Stanford University); Tim Kraska (MIT); Michael Stonebraker (MIT); Lalith Suresh (VMware Research); Matei Zaharia (Stanford and Databricks),DBOS: A DBMS-oriented Operating System
Arjit Jain (Indian Institute of Technology Bombay)*; Sunita Sarawagi (IIT Bombay); Prithviraj Sen (IBM Almaden Research Center),Deep Indexed Active Learning for Matching Heterogeneous Entity Representations
Xuanhe Zhou (Tsinghua); Guoliang Li (Tsinghua University)*; Chengliang Chai (Tsinghua University); Jianhua Feng (Tsinghua),A Learned Query Rewrite System using Monte Carlo Tree Search
Yin Lin (University of Michigan)*; Brit Youngman (Tel-Aviv University); Yuval Moskovitch (University of Michigan); H. V. Jagadish (University of Michigan); Tova Milo (Tel Aviv University),On Detecting Cherry-picked Generalizations
Jiayi Wang (Tsinghua University); Chengliang Chai (Tsinghua University); Jiabin Liu (Tsinghua University); Guoliang Li (Tsinghua University)*,FACE: A Normalizing Flow based Cardinality Estimator
"Ji Sun (Tsinghua University); Jintao Zhang (Tsinghua University); Zhaoyan Sun (Tsinghua University); Guoliang Li (Tsinghua University)*; Nan Tang (Qatar Computing Research Institute, HBKU)",Learned Cardinality Estimation: A Design Space Exploration and A Comparative Evaluation
Dong He (University of Washington)*; Maureen Daum (University of Washington); Walter Cai (University of Washington); Magdalena Balazinska (UW),DeepEverest: Accelerating Declarative Top-K Queries for Deep Neural Network Interpretation
Subarna Chatterjee (Harvard University )*; Meena Jagadeesan (UC Berkeley); Wilson Qin (Harvard); Stratos Idreos (Harvard),Cosine: A Cloud-Cost Optimized Self-Designing Key-Value Storage Engine
Muhammad Adnan (University of British Columbia); Yassaman  Ebrahimzadeh Maboud (University of British Columbia); Divya Mahajan (Microsoft)*; Prashant Nair (University of British Columbia ),Accelerating Recommendation System Training by Leveraging Popular Choices
Jianye Yang (Hunan University)*; Yun PENG (Hong Kong Baptist University); Wenjie Zhang (University of New South Wales),"(p,q)-biclique Counting and Enumeration for Large Sparse Bipartite Graphs"
Dan Graur (ETH Zurich); Ingo Müller (ETH Zürich)*; Mason Proffitt (University of Washington); Ghislain Fourny (ETH Zürich); Gordon T. Watts (University of Washington); Gustavo Alonso (ETHZ),Evaluating Query Languages and Systems for High-Energy Physics Data
Kongzhang Hao (University of New South Wales)*; Long Yuan (Nanjing University of Science and Technology); Wenjie Zhang (University of New South Wales),Distributed Hop-Constrained s-t Simple Path Enumeration at Billion Scale
"Jingzhi Fang (HKUST); Yanyan Shen (Shanghai Jiao Tong University); Yue Wang (Shenzhen Institute of Computing Sciences, Shenzhen University.); Lei  Chen (Hong Kong University of Science and Technology)*",ETO: Accelerating Optimization of DNN Operators by High-Performance Tensor Program Reuse
Philipp Marian Grulich (Technische Universität Berlin)*; Steffen Zeuch (DFKI Berlin); Volker Markl (Technische Universität Berlin),Babelfish: Efficient Execution of Polyglot Queries
"Alexander Zhou (Hong Kong University of Science and Technology)*; Yue Wang (Shenzhen Institute of Computing Sciences, Shenzhen University.); Lei  Chen (Hong Kong University of Science and Technology)",Butterfly Counting on Uncertain Bipartite Networks
Yue Cui (The Hong Kong University of Science and Technology)*; Kai Zheng (University of Electronic Science and Technology of China); Dingshan Cui (Sichuan University); jiandong xie (HUAWEI TECHNOLOGIES CO.LTD.); Liwei Deng (University of Electronic Science and Technology of China); Feiteng Huang (Huawei Cloud Database Innovation Lab); Xiaofang Zhou (The Hong Kong University of Science and Technology),METRO: A Generic Graph Neural Network Framework for Multivariate Time Series Forecasting
Congcong Ge (Zhejiang University); Xiaoze Liu (Zhejiang University); Lu Chen (Zhejiang University); Baihua Zheng (Singapore Management University); Yunjun Gao (Zhejiang University)*,LargeEA: Aligning Entities for Large-scale Knowledge Graphs
Kejing Lu (Nagoya University)*; Mineichi Kudo (Hokkaido University); Chuan Xiao (Osaka University and Nagoya University); Yoshiharu Ishikawa (Nagoya University),HVS: Hierarchical Graph Structure Based on Voronoi Diagrams for Solving Approximate Nearest Neighbor Search
Arif Arman (Texas A&amp;M University)*; Dmitri Loguinov (Texas A&amp;M University),Origami: A High-Performance Mergesort Framework
"Renzhi Wu (Georgia Institute of Technology)*; Bolin Ding (""Data Analytics and Intelligence Lab, Alibaba Group""); Xu Chu (GATECH); Zhewei Wei (Renmin University of China); Xiening Dai (Alibaba Group); Tao Guan (Alibaba Group); Jingren Zhou (Alibaba Group)",Learning to be a Statistician: Learned Estimator for Number of Distinct Values
Shangdi Yu (Massachusetts Institute of Technology)*; Yiqiu Wang (Massachusetts Institute of Technology); Yan Gu (UC Riverside); Laxman Dhulipala (MIT CSAIL); Julian Shun (MIT),ParChain: A Framework for Parallel Hierarchical Agglomerative Clustering using Nearest-Neighbor Chain
Komal Chauhan (IIT Delhi); Kartik Jain (IIT Delhi); Sayan Ranu (IIT Delhi)*; Srikanta Bedathur (IIT Delhi); Amitabha Bagchi (IIT Delhi),Answering Regular Path Queries through Exemplars
Xupeng Miao (Peking University)*; Hailin Zhang (Peking University); Yining Shi (Peking University); Xiaonan Nie (Peking University); Zhi Yang (Peking University); Yangyu Tao (Tencent); Bin Cui (Peking University),HET: Scaling out Huge Embedding Model Training via Cache-enabled Distributed Framework
Pengfei Li (Huazhong University of Science and Technology); Yu Hua (Huazhong University of Science and Technology)*; Jingnan Jia (Huazhong University of Science and Technology); Pengfei Zuo (Huazhong University of Science and Technology),FINEdex: A Fine-grained Learned Index Scheme for Scalable and Concurrent Memory Systems
Jiyang Bai (Florida State University); Peixiang Zhao (Florida State University)*,TaGSim: Type-aware Graph Similarity Learning and Computation
Yuqing Zhu (Nanyang technological university ); Jing Tang (The Hong Kong University of Science and Technology)*; Xueyan Tang (Nanyang Technological University); Lei  Chen (Hong Kong University of Science and Technology),Analysis of Influence Contribution in Social Advertising
"Georgios R Theodorakis (Imperial College London)*; Fotios Kounelis (Imperial College London); Peter Pietzuch (Imperial College London); Holger Pirk (Imperial College, UK)",Scabbard: Single-Node Fault-Tolerant Stream Processing
George Konstantinidis (University of Southampton)*; Jet Holt (University of Southampton); Adriane Chapman (University of Southampton),Enabling Personal Consent in Databases
Yejia Liu (Simon Fraser University); Weiyuan Wu (Simon Fraser University)*; Lampros Flokas (Columbia University); Jiannan Wang (Simon Fraser University); Eugene Wu (Columbia University),Enabling SQL-based Training Data Debugging for Federated Learning
Kapil Vaidya (MIT)*; Anshuman Dutt (Microsoft Research); Vivek Narasayya (Microsoft); Surajit Chaudhuri (Microsoft),Leveraging Query Logs and Machine Learning for Parametric Query Optimization
Yao Lu (Microsoft Research)*; Srikanth Kandula (Microsoft Research); Arnd Christian König (Microsoft); Surajit Chaudhuri (Microsoft),Pre-training Summarization Models of Structured Datasets for Cardinality Estimation
Susie Xi Susie Rao (ETH)*; Shuai Zhang (ETH Zurich); Zhichao Han (Ebay); Zitao Zhang (eBay); wei min (ebay); Zhiyao Chen (eBay); Yinan Shan (Ebay); Yang Zhao (Ebay); Ce Zhang (ETH),xFraud: Explainable Fraud Transaction Detection
"Ye Yuan (Beijing Institute of Technology)*; Delong Ma (Northeastern University, China); Zhenyu Wen (Zhejiang University of Technology); Zhiwei Zhang (Beijing Institute of Technology); Guoren Wang (Beijing Institute of Technology)",Subgraph Matching over Graph Federation
"Xing Niu (Illinois Institute of Technology)*; Boris Glavic (Illinois Institute of Technology); Ziyu Liu (Illinois institute of thechnology); Pengyuan Li (Illinois institute of thechnology); Dieter Gawlick (Oracle); Vasudha Krishnaswamy (Oracle, USA); Zhen Hua Liu (Oracle); Danica Porobic (Oracle)",Provenance-based Data Skipping
"Di Jin (University of Michigan)*; Bunyamin Sisman (Amazon, USA); Hao Wei (Amazon, USA); Xin Luna Dong (Amazon.com); Danai Koutra (U Michigan)",Deep Transfer Learning for Multi-source Entity Linkage via Domain Adaptation
Lu Xing (Purdue University); Walid G Aref (Purdue)*; Jianguo Wang (Purdue University); Bo-Cheng Chu (Purdue); Tong An (Purdue); Eric Lee (); Ahmed Aly (Facebook); Ahmed Mahmood (Purdue University),An Experimental Evaluation and Investigation of Waves of Misery in R-trees
"Yongyi Liu (University of California, Riverside)*; Ahmed Mahmood (Purdue University); Amr Magdy (University of California Riverside); Sergio Rey (University of California, Riverside)",PRUC : P-Regions with User-Defined Constraint
Yile Chen (Nanyang Technological University)*; Xiucheng Li (Nanyang Technological University); Gao Cong (Nanyang Technological Univesity); Cheng Long (Nanyang Technological University); Zhifeng  Bao (RMIT University); Shang Liu (Nanyang Technological University); Wanli Gu (MEITUAN); Fuzheng Zhang (Meituan-Dianping Group),Points-of-Interest Relationship Inference with Spatial-enriched Graph Neural Networks
Tsz Nam Chan (Hong Kong Baptist University)*; Pak Lon Ip (University of Macau); Leong Hou U (University of Macau); Byron Choi (Hong Kong Baptist University); Jianliang Xu (Hong Kong Baptist University),SAFE: A Share-and-Aggregate Bandwidth Exploration Framework for Kernel Density Visualization
Jens Dittrich (Saarland University)*; Joris Nix (Saarland University); Christian Schön (Saarland Informatics Campus),The next 50 Years in Database Indexing or: The Case for Automatically Generated Index Structures
Koral Chapnik (Technion)*; Ilya Kolchinsky (Technion); Assaf Schuster (Technion),DARLING: Data-Aware Load Shedding in Complex Event Processing Systems
Danyang Zhuo (Duke University)*; Kaiyuan Zhang (University of Washington); Zhuohan Li (UC Berkeley); Siyuan Zhuang (UC Berkeley); Stephanie Wang (UC Berkeley); Ang Chen (Rice University); Ion Stoica (UC Berkeley),Rearchitecting In-Memory Object Stores for Low Latency
Pingchuan Ma (HKUST)*; Shuai Wang (HKUST),MT-Teql: Evaluating and Augmenting Neural NLIDB on Real-world Linguistic and Schema Variations
Jessica Shi (MIT)*; Laxman Dhulipala (MIT CSAIL); Julian Shun (MIT),Theoretically and Practically Efficient Parallel Nucleus Decomposition
Baotong Lu (Chinese University of Hong Kong)*; Jialin Ding (MIT); Eric Lo (Chinese University of Hong Kong); Umar Farooq Minhas (Microsoft Research); Tianzheng Wang (Simon Fraser University),APEX: A High-Performance Learned Index on Persistent Memory
David Chaves (Aalborg University)*; Tung Kieu (Aalborg University); Chenjuan Guo (Aalborg University); Feiteng Huang (Huawei Cloud Database Innovation Lab); Kai Zheng (University of Electronic Science and Technology of China); Bin Yang (Aalborg University); Christian  S Jensen (Aalborg University),Unsupervised Time Series Outlier Detection with Diversity-Driven Convolutional Ensembles
Xiaoye Miao (Zhejiang University)*; Yangyang Wu (Zhejiang University); Lu Chen (Zhejiang University); Yunjun Gao (Zhejiang University); Jun Wang (The Hong Kong University of Science and Technology); Jianwei Yin (Zhejiang University),Efficient and Effective Data Imputation with Influence Functions
Adrian Kochsiek (University Mannheim)*; Rainer Gemulla (Universität Mannheim),Parallel Training of Knowledge Graph Embedding Models: A Comparison of Techniques
Gerardo Vitagliano (Hasso Plattner Institute)*; Lan Jiang (Hasso Plattner Institute); Felix Naumann (Hasso Plattner Institute),Detecting Layout Templates in Complex Multiregion Files
Kajetan Maliszewski (TU Berlin)*; Jorge Arnulfo Quiane Ruiz (TU Berlin); Jonas Traub (TU Berlin); Volker Markl (Technische Universität Berlin),What Is the Price for Joining Securely? Benchmarking Equi-Joins in Trusted Execution Environments
Van Long Ho (Aalborg University)*; Nguyen Ho (Aalborg University); Torben Bach Pedersen (Aalborg University),Efficient Temporal Pattern Mining in Big Time Series Using Mutual Information
Junhua Zhang (UTS); Long Yuan (Nanjing University of Science and Technology)*; Wentao Li (University of Technology Sydney); Lu Qin (UTS); Ying Zhang (University of Technology Sydney),Efficient Label-Constrained Shortest Path Queries on Road Networks: A Tree Decomposition Approach
Sahaana Suri (Stanford )*; Ihab F Ilyas (U. of Waterloo); Christopher Re (Stanford University); Theodoros Rekatsinas (University of Wisconsin-Madison),Ember: No-Code Context Enrichment via Similarity-Based Keyless Joins
"Tin Vu (UC Riverside)*; Ahmed Eldawy (University of California, Riverside); Vagelis Hristidis (UC Riverside); Vassilis J. Tsotras (UC Riverside)",Incremental Partitioning for Efficient Spatial Data Analytics
"Doris Lee (UC Berkeley)*; Dixin Tang (University of California, Berkeley); Kunal Agarwal (University of California, Berkeley); Thyne Boonmark (UC Berkeley); Caitlyn Chen (University of California, Berkeley); Jake Kang (UC Berkeley); Ujjaini Mukhopadhyay (UC Berkeley); Jerry Song (University of California, Berkeley); Micah Yong (UC Berkeley); Marti A. Hearst (); Aditya Parameswaran (University of California, Berkeley)",Lux: Always-on Visualization Recommendations for Exploratory Dataframe Workflows
"Devin Petersohn (UC Berkeley)*; Dixin Tang (University of California, Berkeley); Rehan S Durrani (UC Berkeley); Areg Melik-Adamyan (Intel Corporation); Joseph Gonzalez (UC Berkeley); Anthony Joseph (UC Berkeley); Aditya Parameswaran (University of California, Berkeley)",Flexible Rule-Based Decomposition and Metadata Independence in Modin: A Parallel Dataframe System
Yuxing Han (ByteDance); Ziniu Wu (Massachusetts Institute of Technology); Peizhi Wu (University of Pennsylvania); Rong Zhu (Alibaba Group)*; Jingyi Yang (NTU); Liang Wei Tan (Nanyang Technological University); Kai Zeng (Alibaba Group); Gao Cong (Nanyang Technological Univesity); Yanzhao Qin (Alibaba Group); Andreas Pfadler (Alibaba Group); Zhengping Qian (Alibaba Group); Jingren Zhou (Alibaba Group); Jiangneng Li (Alibaba Group); Bin Cui (Peking University),Cardinality Estimation in DBMS: A Comprehensive Benchmark Evaluation
Qizhen Zhang (University of Pennsylvania)*; Philip A Bernstein (Microsoft Research); Daniel S Berger (Microsoft Research); Badrish Chandramouli (Microsoft Research),Redy: Remote Dynamic Memory Cache
Martin Boissier (Hasso Plattner Institute)*,Robust and Budget-Constrained Encoding Configurations for In-Memory Database Systems
Shulong Tan (Baidu Research)*; Weijie Zhao (Baidu Research); Ping   Li (Baidu),Fast Neural Ranking on Bipartite Graph Indices
Shaoduo   Gan (ETH Zurich)*; Xiangru Lian (University of Rochester); Rui Wang (Kuaishou Technology); Jianbin Chang (Kuaishou Technology); Chengjun Liu (Kuaishou Technology); Hongmei Shi (Kuaishou Technology); Shengzhuo Zhang (Kuaishou Technology); Xianghong Li (Kuaishou Technology); Tengxu Sun (Kuaishou Technology); Jiawei Jiang (ETH Zurich); Binhang Yuan (ETH Zurich); Sen Yang (Kwai Inc.); Ji  Liu (Kwai Inc.); Ce Zhang (ETH),BAGUA: Scaling up Distributed Learning with System Relaxations
Tsz Nam Chan (Hong Kong Baptist University)*; Pak Lon Ip (University of Macau); Leong Hou U (University of Macau); Byron Choi (Hong Kong Baptist University); Jianliang Xu (Hong Kong Baptist University),SWS: A Complexity-Optimized Solution for Spatial-Temporal Kernel Density Visualization
Junxu Liu (Renmin University of China)*; Jian Lou (Emory University); Li Xiong (Emory University); Jinfei Liu (Zhejiang University); Xiaofeng Meng (Renmin University of China),Projected Federated Averaging with Heterogeneous Differential Privacy
Daniel Haimovich (Facebook); Dmytro Karamshuk (Facebook)*; Thomas J. Leeper (Facebook); Evgeniy Riabenko (Facebook); Milan Vojnovic (London School of Economics),Popularity Prediction for Social Media over Arbitrary Time Horizons
"Ishita Doshi (LinkedIn, Bengaluru)*; Dhritiman  Das (LinkedIn, Bengaluru); Ashish Bhutani (Uber); Rajeev Kumar (LinkedIn, Bengaluru); Rushi Bhatt (Compass); Niranjan Balasubramanian (LinkedIn)",LANNS: A Web-Scale Approximate Nearest Neighbor Lookup System
Eduardo H. M. Pena (UTFPR)*; Eduardo Cunha de Almeida (UFPR); Felix Naumann (Hasso Plattner Institute),Fast Detection of Denial Constraint Violations
Bowen Yu (Tsinghua University)*; Guanyu Feng (Tsinghua University); Huanqi Cao (Tsinghua University); Xiaohan Li (Tsinghua University); Zhenbo Sun (Tsinghua University); Haojie Wang (Tsinghua University); Xiaowei Zhu (Tsinghua University); Weimin Zheng (Tsinghua university); Wenguang Chen (Tsinghua University),Chukonu: A Fully-Featured High-Performance Big Data Framework that Integrates a Native Compute Engine into Spark
"Sian Jin (Washington State University); Chengming Zhang (Washington State University); Xintong  Jiang (McGill University); Yunhe Feng (University of Washington); Hui Guan (University of Massachusetts, Amherst); Guanpeng Li (University of Iowa); Shuaiwen Song (University of Sydney); Dingwen Tao (Washington State University)*",COMET: A Novel Memory-Efficient Deep Learning Training Framework by Using Error-Bounded Lossy Compression
"Zitao Li (Purdue University)*; Bolin Ding (""Data Analytics and Intelligence Lab, Alibaba Group""); Ce Zhang (ETH); Ninghui Li (Purdue University); Jingren Zhou (Alibaba Group)",Federated Matrix Factorization with Privacy Guarantee
Chi Thang Duong (Ecole Polytechnique Federale de Lausanne)*; Dung Trung Hoang (Hanoi University of Science and Technology); Hongzhi Yin (The University of Queensland); Matthias Weidlich (Humboldt-Universität zu Berlin); Quoc Viet Hung Nguyen (Griffith University); Karl Aberer (EPFL),Scalable Robust Graph Embedding with Spark
Debjyoti Paul (University of Utah)*; Jie Cao (University of Utah); Feifei Li (University of Utah); Vivek   Srikumar (University of Utah),Database Workload Characterization with Query Plan Encoders
Abhishek Modi (Microsoft); Kaushik Rajan (Microsoft Research)*; Srinivas Thimmaiah (Microsoft); Prakhar Jain (Databricks); Swinky Mann (Microsoft); Ayushi Agarwal (Microsoft); Ajith Shetty (Microsoft); Shahid K I (Microsoft); Ashit Gosalia (Microsoft); Partho Sarthi (Microsoft Research),New Query Optimization Techniques in the Spark Engine of Azure Synapse
"Phanwadee Sinthong (University of California, Irvine)*; Dhaval Patel (IBM Research); Nianjun zhou (IBM Research); Shrey Shrivastava (IBM Research); Arun Iyengar (IBM T.J. Watson Research Center); Anuradha Bhamidipaty (IBM Watson Research Center)",DQDF: Data-Quality-Aware Dataframes
Archita Agarwal (Brown University); Marilyn George (Brown University)*; Aaron R Jeyaraj (Brown University); Malte Schwarzkopf (Brown University),Retrofitting GDPR Compliance onto Legacy Databases
Xinle Wu (Aalborg Universigy)*; Dalin Zhang (Aalborg University); Chenjuan Guo (Aalborg University); Chaoyang He (University of Southern California); Bin Yang (Aalborg University); Christian  S Jensen (Aalborg University),AutoCTS: Automated Correlated Time Series Forecasting
Sivaprasad Sudhir (MIT)*; Michael Cafarella (MIT CSAIL); Samuel Madden (MIT),Replicated Layout for In-Memory Database Systems
Anupam Sanghi (Indian Institute of Science)*; Shadab Ahmed (Indian Institute of Science); Jayant R Haritsa (Indian Institute of Science),Projection-Compliant Database Generation
Guodong Jin (Renmin University of China)*; Semih Salihoglu (University of Waterloo),Making RDBMSs Efficient on Graph Workloads Through Predefined Joins
Shaleen Deep (University of Wisconsin-Madison)*; Xiao Hu (Duke University); Paraschos Koutris (University of Wisconsin-Madison),Ranked Enumeration of Join Queries with Projections
Ahnjae Shin (Seoul National University)*; Joo Seong Jeong  (Seoul National University); Do Yoon Kim (Seoul National University); SOYOUNG JUNG (Seoul National University); Byung-Gon Chun (Seoul National University),Hippo: Sharing Computations in Hyper-Parameter Optimization
Arik Rinberg (Technion)*; Tomer Solomon (IBM); Roee Shlomo (IBM); Guy Khazma (IBM); Gal Lushi (IBM Research); Idit Keidar (Technion); Paula Ta-Shma (IBM),DSON: JSON CRDT Using Delta-Mutations For Document Stores
Sepanta Zeighami (University of Southern California)*; Ritesh Ahuja (University of Southern California); Gabriel Ghinita (Univ. of Massachusetts Boston); Cyrus Shahabi (Computer Science Department. University of Southern California),A Neural Database for Differentially Private Spatial Range Queries
"Marcel Maltry (Saarland University)*; Jens Dittrich (Saarland University, Saarland Informatics Campus)",A Critical Analysis of Recursive Model Indexes
Zerui Ge (National University of Singapore); Dumitrel Loghin (National University of Singapore)*; Beng Chin Ooi (NUS); Pingcheng Ruan (National University of Singapore); Tianwen Wang (National University of Singapore),Hybrid Blockchain Database Systems: Design and Performance
"Angela Bonifati (Univ. of Lyon); Stefania Dumbrava (ENSIIE); George Fletcher (Eindhoven University of Technology); Jan Hidders (University of London, Birbeck); Matthias Hofer (University of Bayreuth); Wim Martens (University of Bayreuth); Filip Murlak (University of Warsaw, Poland); Joshua Shinavier (Uber); Sławek Staworko (University of Lille)*; Dominik Tomaszuk (University of Bialystok)",Threshold Queries in Theory and in the Wild
Moritz Sichert (Technische Universität München)*; Thomas Neumann (TUM),User-Defined Operators: Efficiently Integrating Custom Algorithms into Modern Databases
Yue Wang (Microsoft)*; Vivek Narasayya (Microsoft); Yeye He (Microsoft Research); Surajit Chaudhuri (Microsoft),PACk: An Efficient Partition-based Distributed Agglomerative Hierarchical Clustering Algorithm for Deduplication
Lijun Chang (The University of Sydney)*; Zhiyi Wang (The University of Sydney),A Near-Optimal Approach to Edge Connectivity-Based Hierarchical Graph Decomposition
Yongxin Tong (Beihang University)*; Xuchen Pan (Beihang University); Yuxiang Zeng (Hong Kong University of Science and Technology); Yexuan Shi (Beihang University); Chunbo Xue (Beihang University); Zimu Zhou (Singapore Management University); Xiaofei Zhang (University of Memphis); Lei  Chen (Hong Kong University of Science and Technology); Yi Xu (Beihang University); Ke Xu (Beihang University); Weifeng Lv (Beihang University),Hu-Fu: Efficient and Secure Spatial Queries over Data Federation
Per Fuchs (Technische Universität München)*; Jana Giceva (TU Munich); Domagoj Margan (Imperial College London),"Sortledton: a universal, transactional graph data structure"
Bowen Zhang (Shanghai Jiao Tong University)*; Shengan Zheng (Shanghai Jiao Tong University); Zhenlin Qi (Shanghai Jiao Tong University); Linpeng Huang (Shanghai Jiao Tong University),NBTree: a Lock-free PM-friendly Persistent B+-Tree for eADR-enabled PM Systems
Shreshth Tuli (Imperial College London)*; Giuliano Casale (Imperial College London); Nicholas R Jennings (Loughborough University),TranAD: Deep Transformer Networks for Anomaly Detection in Multivariate Time Series Data
"Fuheng Zhao (UCSB)*; Divy Agrawal (University of California, Santa Barbara); Amr El Abbadi (UC Santa Barbara); Ahmed Metwally (Uber)",SpaceSaving± An Optimal Algorithm for Frequency Estimation and Frequent items in the Bounded Deletion Model
Chenguang Zheng (CUHK)*; Hongzhi CHEN (ByteDance); Yuxuan Cheng (ByteDance Inc); Zhezheng Song (CUHK); Yifan Wu (Peking University); Changji Li (CUHK); James Cheng (CUHK); Hao Yang (ByteDance); Shuai Zhang (ByteDance),ByteGNN: Efficient Graph Neural Network Training at Large Scale
Yuli Jiang (The Chinese Univercity of Hong Kong)*; Yu Rong (Tencent AI Lab); Hong Cheng (Chinese University of Hong Kong); Xin Huang (Hong Kong Baptist University); Kangfei Zhao (The Chinese University of Hong Kong); Junzhou Huang (University of Texas at Arlington),"Query Driven-Graph Neural Networks for Community Search: From Non-Attributed, Attributed, to Interactive Attributed"
Yang Li (Peking University)*; Yu Shen (Peking University); Huaijun Jiang (Peking University); Wentao Zhang (Peking University); Jixiang Li (Kuaishou Inc.); Ji  Liu (Kwai Inc.); Ce Zhang (ETH); Bin Cui (Peking University),Hyper-Tune: Towards Efficient Hyper-parameter Tuning at Scale
Koen Minartz (Eindhoven University of Technology); Jens d'Hondt (TU Eindhoven); Odysseas Papapetrou (TU Eindhoven)*,Multivariate correlations discovery in static and streaming data
Olga Poppe (Microsoft)*; Qun Guo (Microsoft); Willis Lang (Microsoft); Pankaj Arora (Microsoft); Morgan Oslake (Microsoft); Shize Xu (Microsoft); Ajay Kalhan (Microsoft),Moneyball: Proactive Auto-Scaling in Microsoft Azure SQL Database Serverless
Kewei Cheng (UCLA)*; Xian  Li (Amazon); Yifan Xu (Amazon.com); Xin Dong (); Yizhou Sun (UCLA),PGE: Robust Product Graph Embedding Learning for Error Detection
Naga Nithin Manne (Argonne National Lab); Shilvi Satpati (Northwestern University); Tanu Malik (DePaul University)*; Amitabha Bagchi (IIT Delhi); Ashish Gehani (SRI); Amitabh Chaudhary (University of Chicago),CHEX: Multiversion Replay with Ordered Checkpoints
Tomer Even (Tel Aviv University); Guy Even (Tel Aviv University)*; Adam Morrison (Tel Aviv University),Prefix Filter: Practically and Theoretically Better Than Bloom
"Hiroyuki Yamada (Scalar, Inc.)*; Jun Nemoto (Scalar, Inc.)",Scalar DL: Scalable and Practical Byzantine Fault Detection for Transactional Database Systems
Gyuyeong Kim (Korea University); Wonjun Lee (Korea University)*,In-Network Leaderless Replication for Distributed Data Stores
Xin Sun (Tianjin University)*; Xin Huang (Hong Kong Baptist University); Di Jin (Tianjin University),Fast Algorithms for Core Maximization on Large Graphs
"Shuye Pan (Fudan University)*; Peng Wang ("" Fudan University, China""); Chen  Wang ("" Tsinghua University, China""); Wei Wang ("" Fudan University, China""); Jianmin Wang (""Tsinghua University, China"")",NLC: Search Correlated Window Pairs on Long Time Series
Hanzhi Wang (Renmin University of China)*; Zhewei Wei (Renmin University of China); Junhao Gan (University of Melbourne); Ye Yuan ( Beijing Institute of Technology); Xiaoyong Du (Renmin University of China); Ji-Rong Wen (Renmin University of China),Edge-based Local Push for Personalized PageRank
Harry Kai-Ho Chan (Roskilde University)*; Huan Li (Aalborg University); Xiao Li (Roskilde University); Hua Lu (Roskilde University),Continuous Social Distance Monitoring in Indoor Space
Xibo Sun (Hong Kong University of Science and Technology); Shixuan Sun (National University of Singapore)*; Qiong Luo (Hong Kong University of Science and Technology); Bingsheng He (National University of Singapore),An In-Depth Study of Continuous Subgraph Matching
Abhinav Mishra (Splunk)*; Ram Sriharsha (Splunk); Sichen Zhong (Splunk),OnlineSTL: Scaling Time Series Decomposition by 100x
Haoyu Li (Peking University)*; Qizhi Chen (Peking University); Yixin Zhang (Peking University); Tong Yang (Peking University); Bin Cui (Peking University),Stingy Sketch: A Sketch Framework for Accurate and Fast Frequency Estimation
Yang Wang (The Ohio State University)*; Miao Yu (The Ohio State University); Yujie Hui (The Ohio State University); Fang Zhou (The Ohio State University); Yuyang Huang (Ohio State University); Rui Zhu (The Ohio State University); Xueyuan Ren (The Ohio State University); Tianxi Li (The Ohio State University); Xiaoyi Lu (UC Merced),A Study of Database Performance Sensitivity to Experiment Settings
Zemin Chao (Harbin institute of technology)*; Hong Gao (Harbin Institute of Technology); Yinan An (Harbin institute of technology); Jianzhong Li (Harbin Institute of Technology),The Inherent Time Complexity and An Efficient Algorithm for Subsequence Matching Problem
"Chengliang Chai (Tsinghua University); Jiabin Liu (Tsinghua University); Nan Tang (Qatar Computing Research Institute, HBKU); Guoliang Li (Tsinghua University)*; Yuyu Luo (Tsinghua University)",Selective Data Acquisition in the Wild for Model Charging
Wenfei Fan (Univ. of Edinburgh ); Wenzhi Fu (University of Edinburgh); Ruochun Jin (University of Edinburgh); Ping Lu (Beihang Univ.); Chao Tian (Chinese Academy of Sciences)*,Discovering Association Rules from Big Graphs
"xiaolin han (The University of Hong Kong)*; Reynold Cheng (""The University of Hong Kong, China""); Chenhao Ma (The University of Hong Kong); Tobias Grubenman (University of Bonn)",DeepTEA: Effective and Efficient Online Time-dependent Trajectory Outlier Detection
Giovanni Simonini (University of Modena and Reggio Emilia)*; Luca Zecchini (Università degli Studi di Modena e Reggio Emilia); Sonia Bergamaschi (Università di Modena e Reggio Emilia); Felix Naumann (Hasso Plattner Institute),Entity Resolution On-Demand
Afnan G Alhazmi (Southampton University)*; Tom Blount (University of Southampton); George Konstantinidis (University of Southampton),ForBackBench: A Benchmark for Chasing vs. Query-Rewriting
Jeremy Chen (University of Waterloo)*; Yuqing Huang (University of Waterloo); mushi wang (university of waterloo); Semih Salihoglu (University of Waterloo); Kenneth Salem (University of Waterloo),Accurate Summary-based Cardinality Estimation Through the Lens of Cardinality Estimation Graphs
Xuankun Liao (Hong Kong Baptist University)*; Qing Liu (Hong Kong Baptist University); Jiaxin Jiang (Hong Kong Baptist University); Xin Huang (Hong Kong Baptist University); Jianliang Xu (Hong Kong Baptist University); Byron Choi (Hong Kong Baptist University),Distributed D-core Decomposition over Large Directed Graphs
Lu Chen (Swinburne University of Technology)*; Chengfei Liu (Swinburne University of Technology); Rui Zhou (Swinburne University of Technology); Jiajie Xu (Soochow University); Jianxin Li (Deakin University),Efficient Maximal Biclique Enumeration for Large Sparse Bipartite Graphs
hongkuan zhou (University of Southern California)*; Da Zheng (Amazon); Israt Nisa (Amazon); Vassilis N. Ioannidis (Amazon Web Services); Xiang Song (Amazon); George Karypis (Amazon),TGL: A General Framework for Temporal GNN Training onBillion-Scale Graphs
Binhang Yuan (Rice University); Cameron Wolfe (Rice University)*; Chen Dun (Rice University); Yuxin Tang (Rice University ); Anastasios Kyrillidis (Rice University ); Chris Jermaine (Rice University),Distributed Learning of Fully Connected Neural Networks using Independent Subnet Training
Sebastian C Burckhardt (Microsoft Research)*; Badrish Chandramouli (Microsoft Research); Chris Gillum (Microsoft); David A Justo (Microsoft); Konstantinos Kallas (University of Pennsylvania); Connor McMahon (Microsoft); Christopher Meiklejohn (Carnegie Mellon University); Xiangfeng Zhu (University of Washington),Netherite: Efficient Execution of Serverless Workflows
Andy Huynh (Boston University)*; Harshal Chaudhari (Boston University); Evimaria Terzi (Boston University); Manos Athanassoulis (Boston University),Endure: A Robust Tuning Paradigm for LSM Trees Under Workload Uncertainty
Hongzheng Li (Beijing University of Posts and Telecommunications); Yingxia Shao (BUPT)*; Junping Du (Beijing University of Posts and Telecommunications); Bin Cui (Peking University); Lei  Chen (Hong Kong University of Science and Technology),An I/O-Efficient Disk-based Graph System for Scalable Second-Order Random Walk of Large Graphs
Kapil Vaidya (MIT)*; Tim Kraska (MIT); Subarna Chatterjee (Harvard University ); Eric R Knorr (Harvard); Michael Mitzenmacher (Harvard); Stratos Idreos (Harvard),SNARF: A Learning-Enhanced Range Filter
Xin CHEN (The Chinese University of Hong Kong)*; You Peng (The Chinese University of Hong Kong); Sibo Wang (The Chinese University of Hong Kong); Jeffrey Xu Yu (Chinese University of Hong Kong),DLCR: Efficient Indexing for Label-Constrained Reachability Queries on Large Dynamic Graphs
Yue Zhao (Nanyang Technological University)*; Gao Cong (Nanyang Technological Univesity); JIACHEN SHI (Nanyang Technological University); Chunyan Miao (NTU),QueryFormer: A Tree Transformer Model for Query Plan Representation
Leon Lee (Huawei Technologies Co. Ltd.)*; Siphrey Xie (Huawei Technologies Co. Ltd.); Yunus Ma (Huawei Technologies Co. Ltd.); Shimin Chen (Chinese Academy of Sciences),Index Checkpoints for Instant Recovery in In-Memory Database Systems
Mahdi Esmailoghli (Leibniz Universit?t Hannover)*; Jorge Arnulfo Quiane Ruiz (TU Berlin); Ziawasch Abedjan (Leibniz Universit?t Hannover),MATE: Multi-Attribute Table Extraction
John Paparrizos (University of Chicago)*; Yuhao Kang (University of Chicago); Paul Boniol (Universit?? de Paris); Ruey Tsay (University of Chicago); Themis Palpanas (University of Paris); Michael Franklin (University of Chicago),TSB-UAD: An End-to-End Benchmark Suite for Univariate Time-Series Anomaly Detection
Manuel Leone (EPFL); Stefano Huber (EPFL); Akhil Arora (EPFL)*; Alberto Garcia-Duran (EPFL); Robert   West (EPFL),A Critical Re-evaluation of Neural Methods for Entity Alignment
Matteo Paganelli (Universit?? di Modena e Reggio Emilia)*; Francesco Del Buono (University of Modena e Reggio Emilia); Andrea Baraldi (Universit?? di Modena e Reggio Emilia); Francesco Guerra (University of Modena e Reggio Emilia),Analyzing How BERT Performs Entity Matching
Balaji Arun (Virginia Tech)*; Binoy Ravindran (Virginia Tech),Scalable Byzantine Fault Tolerance via Partial Decentralization
Huan Li (Aalborg University)*; Lanjing Yi (Southern University of Science and Technology); Bo Tang  (Southern University of Science and Technology); Hua Lu (Roskilde University); Christian  S Jensen (Aalborg University),Efficient and Error-bounded Spatiotemporal Quantile Monitoring in Edge Computing Environments
Fumiyuki Kato (Kyoto University)*; Tsubasa Takahashi (LINE Corporation); Shun Takagi (Kyoto University); Yang Cao (Kyoto University); Seng Pei Liew (LINE Corporation); Masatoshi Yoshikawa (Kyoto University),HDPView: Differentially Private Materialized View for Exploring High Dimensional Relational Data
"Sebastian Schmidl (Hasso Plattner Institute, University of Potsdam); Phillip Wenig (Hasso Plattner Institute, University of Potsdam)*; Thorsten Papenbrock (Philipps University of Marburg)",Anomaly Detection in Time Series: A Comprehensive Evaluation
"Brit Youngmann (MIT)*; Sihem Amer-Yahia (CNRS); Aurélien Personnaz (CNRs, Univ. Grenoble Alpes)",Guided Exploration of Data Summaries
Xinyi Zhang (Peking University); Zhuo Chang (Peking University); Yang Li (Peking University); HONG WU (Alibaba); Jian Tan (Alibaba); Feifei Li (Alibaba Group); Bin Cui (Peking University)*,Facilitating Database Tuning with Hyper-Parameter Optimization: A Comprehensive Experimental Evaluation
Zuan Wang (HUST); Xiaofeng Ding (Huazhong University of Science and Technology)*; Hai Jin (Huazhong University of Science and Technology); Pan Zhou (Huazhong University of Science and Technology),Efficient Secure and Verifiable Location-Based Skyline Queries over Encrypted Data
Zhuoyue Zhao (University at Buffalo - SUNY)*; Dong Xie (Penn State University); Feifei Li (Alibaba Group),AB-tree: Index for Concurrent Random Sampling and Updates
Chenguang Fang (Tsinghua University); Shaoxu Song (Tsinghua University)*; Yinan Mei (Tsinghua University),On Repairing Timestamps for Regular Interval Time Series
Wenfei Fan (Univ. of Edinburgh ); Ruochun Jin (University of Edinburgh); Ping Lu (Beihang Univ.); Chao Tian (Chinese Academy of Sciences)*; Ruiqi Xu (National University of Singapore),Towards Event Prediction in Temporal Graphs
Yihuai Liang (Inha University); Yan Li (Inha University); 병석 신 (인하대학교)*,Decentralized Crowdsourcing for Human Intelligence Tasks with Efficient On-Chain Cost
Yue Wang (Shenzhen Institute of Computing Sciences)*; Ruiqi Xu (National University of Singapore); Xun Jian (HKUST); Alexander Zhou (Hong Kong University of Science and Technology); Lei  Chen (Hong Kong University of Science and Technology),Towards Distributed Bitruss Decomposition on Bipartite Graphs
Luca Gagliardelli (University of Modena &amp; Reggio Emilia)*; George Papadakis (University of Athens); Giovanni Simonini (University of Modena and Reggio Emilia); Sonia Bergamaschi (Università di Modena e Reggio Emilia); Themis Palpanas (University of Paris),Generalized Supervised Meta-blocking
Mijin An (Sungkyunkwan University ); Soojun Im (Samsung Electronics Co.); Dawoon Jung (Samsung Electronics Co.); Sang Won Lee (Sungkyunkwan University)*,Your Read is Our Priority in Flash Storage
Arindam Bhattacharya (IIT DELHI)*; Chathur Gudesa (Indian Institute of Technology Delhi); Amitabha Bagchi (IIT Delhi); Srikanta Bedathur (IIT Delhi),New Wine in an Old Bottle: Data-aware Hash Functions for Bloom Filters
Jingshu Peng (The Hong Kong University of Science and Technology)*; Zhao CHEN (Hong Kong University of Science and Technology); Yingxia Shao (BUPT); Yanyan Shen (Shanghai Jiao Tong University); Lei  Chen (Hong Kong University of Science and Technology); Jiannong Cao (The Hong Kong Polytechnic University),SANCUS: Staleness-Aware Communication-Avoiding Full-Graph Decentralized Training in Large-Scale Graph Neural Networks
Marco Bucchi (PUC Chile); Alejandro Grez (PUC Chile); Andres F Quintana (PUC); Cristian Riveros (PUC Chile)*; Stijn Vansummeren (Hasselt University),CORE: a COmplex event Recognition Engine
"Audrey Cheng (UC Berkeley)*; Xiao Shi (Facebook, Inc.); Aaron N Kabcenell (Facebook); Shilpa Lawande (Facebook, Inc.); Hamza Qadeer (University of California, Berkeley); Jason Chan (University of California, Berkeley); Harrison Tin (University of California, Berkeley); Ryan Zhao (University of California, Berkeley); Peter Bailis (); Mahesh  Balakrishnan (Microsoft Research); Nathan Bronson (Rockset); Natacha Crooks (UC Berkeley); Ion Stoica (UC Berkeley)",TAOBench: An End-to-End Benchmark for Social Networking Workloads
"Aarati Kakaraparthy (University of Wisconsin, Madison)*; Jignesh Patel (UW - Madison); Brian Kroth (Microsoft); Kwanghyun Park (Microsoft Gray Systems Lab)",VIP Hashing - Adapting to Skew in Popularity of Data on the Fly
Tobias Vincon (Reutlingen University),Near-Data Processing in Database Systems on Native Computational Storage under HTAP Workloads
"Karima Echihabi (Mohammed VI Polytechnic University)*; Panagiota Fatourou ( University of Crete); Kostas Zoumpatianos (Snowflake Computing); Themis Palpanas (University of Paris); Houda Benbrahim (ENSIAS, Université Mohammed V de Rabat)",Hercules Against Data Series Similarity Search
Tarique Siddiqui (Microsoft Research)*,DISTILL: Low-Overhead Data-Driven Techniques for Filtering and Costing Indexes for Scalable Index Tuning
Zhihui Yang (Zhejiang Lab)*,Optimizing Machine Learning Inference Queries with Correlative Proxy Models
Li Su (Alibaba Group)*,Banyan: A Scoped Dataflow Engine for Graph Query Service
Ziyue Huang (HKUST)*,Frequency Estimation Under Multiparty Differential Privacy: One-shot and Streaming
"Ahsan Ali (Aronne National Lab)*; Riccardo Pinciroli (Gran Sasso Science Institute); Feng Yan (University of Nevada, Reno); Evgenia Smirni (College of William and Mary)",Optimizing Inference Serving on Serverless Platforms
Wail Y Alkowaileet (UC Irvine)*,Columnar Formats for Schemaless LSM-based Document Stores
Yu-Xuan Qiu (University of Technology Sydney)*,Efficient Shortest Path Counting on Large Road Networks
Fangcheng Fu (Peking University)*,Towards Communication-efficient Vertical Federated Learning Training via Cache-enabled Local Update
Yifan Zhu (Zhejiang University),DESIRE: An Efficient Dynamic Cluster-based Forest Indexing for Similarity Search in Multi-Metric Spaces
Junghoon Kim (Nanyang Technological University)*,ABC: Attributed Bipartite Co-clustering
"Jinzhao Xiao (Tsinghua University); Yuxiang Huang (Tsinghua University); Changyu Hu (Tsinghua University); Shaoxu Song (Tsinghua University)*; Huang Xiangdong (Tsinghua University); Jianmin Wang (""Tsinghua University, China"")",Time Series Data Encoding for Efficient Storage: A Comparative Analysis in Apache IoTDB
Teng Zhang (Alibaba Group)*,SA-LSM : Optimize Data Layout for LSM-tree Based Storage using Survival Analysis
Paolo Ferragina (Università di Pisa),Improving Matrix-vector Multiplication via Lossless Grammar-Compressed Matrices
Shangyu Wu (City University of Hong Kong`)*,NFL: Robust Learned Index via Distribution Transformation
Hamidreza Zare (Pennsylvania State University)*,LEGOStore: A Linearizable Geo-Distributed Store Combining Replication and Erasure Coding
Michael Simpson (University of British Columbia)*,Misinformation Mitigation under Differential Propagation Rates and Temporal Penalties
Lixi Zhou (Arizona State University),Serving Deep Learning Models with Deduplication from Relational Databases
"Zichun Huang (Institute of Computing Technology, Chinese Academy of Sciences); Shimin Chen (Chinese Academy of Sciences)*",Density-optimized Intersection-free Mapping and Matrix Multiplication for Join-Project Operations
"Shiva Jahangiri (University of California, Irvine)*; Michael Carey (UC Irvine); Johann-Christoph Freytag (Humboldt-Universität zu Berlin)",Design Trade-offs for a Robust Dynamic Hybrid Hash Join
Yannis E Foufoulas (University of Athens)*,YeSQL: “You extend SQL” with Rich and Highly Performant User-Defined Functions in Relational Databases
"Shqiponja Ahmetaj (TU Wien)*; Bianca Löhnert (TU Wien); Magdalena Ortiz (TU Wien, Austria); Mantas Simkus (TU Vienna)",Magic Shapes for SHACL Validation
Arpit Merchant (University of Helsinki)*; Aristides Gionis (KTH Royal Institute of Technology); Michael Mathioudakis (University of Helsinki),Succinct Graph Representations as Distance Oracles: An Experimental Evaluation
"Yangqin Jiang (The Chinese University of Hong Kong, Shenzhen)*; Yixiang Fang (School of Data Science, The Chinese University of Hong Kong, Shenzhen); Chenhao Ma (The University of Hong Kong); Xin Cao (University of New South Wales); Chunshan Li (Harbin Institute of Technology)",Effective Community Search over Large Star-Schema Heterogeneous Information Networks
Kai Ming Ting (Nanjing University); Zongyou Liu (Nanjing University)*; Hang Zhang (Nanjing University); YE ZHU (Deakin University),A New Distributional Treatment for Time Series and An Anomaly Detection Investigation
"Benjamin Denham (Auckland University of Technology)*; Edmund M K Lai (AUT, NZ); Roopak  Sinha (AUT); M. Asif Naeem (National University of Computer &amp; Emerging Sciences)",Witan: Unsupervised Labelling Function Generation for Assisted Data Programming
ergute bao (national university of singapore)*; Yizheng Zhu (National University of Singapore); Xiaokui Xiao (National University of Singapore); Yin Yang (Hamad bin Khalifa University); Beng Chin Ooi (NUS); Benjamin Tan (Institute for Infocomm Research); Khin Mi Mi Aung (ASTAR),Skellam Mixture Mechanism: a Novel Approach to Federated Learning with Differential Privacy
Benjamin Hilprecht (TU Darmstadt)*; Carsten Binnig (TU Darmstadt),Zero-Shot Cost Models for Out-of-the-box Learned Cost Prediction
Dalsu Choi (Korea University); Hyunsik Yoon (Korea University); Hyubjin Lee (Korea University); Yon Dohn Chung (Korea University)*,Waffle: In-memory Grid Index for Moving Objects with Reinforcement Learning-based Configuration Tuning System
Michael Jungmair (Technical University of Munich)*; André Kohn (TUM); Jana Giceva (TU Munich),Designing an Open Framework for Query Optimization and Compilation
Duy Lam Nguyen (Sungkyunkwan University); Sang Won Lee (Sungkyunkwan University); Beomseok Nam (Sungkyunkwan University)*,In-Page Shadowing and Two-Version Timestamp Ordering for Mobile DBMSs
Shixuan Sun (National University of Singapore)*; Xibo Sun (Hong Kong University of Science and Technology); Bingsheng He (National University of Singapore); Qiong Luo (Hong Kong University of Science and Technology),RapidFlow: An Efficient Approach to Continuous Subgraph Matching
Mossad Helali (Concordia University)*; Essam Mansour (Concordia University); Ibrahim Abdelaziz (IBM Research); Julian Dolby (IBM Research); Kavitha  Srinivas (IBM Research),A Scalable AutoML Approach Based on Graph Neural Networks
Primal Pappachan (UCI)*; Shufan Zhang (University of Waterloo); Xi He (University of Waterloo); Sharad Mehrotra (U.C. Irvine),Don't Be a Tattle-Tale: Preventing Leakages through Data Dependencies on Access Control Protected Data
Qingyu Xu (RenMing University of China); Feng Zhang (Renmin University of China)*; Zhiming Yao (Renmin University of China); Lv Lu (Renmin University of China); Xiaoyong Du (Renmin University of China); Dong Deng (Rutgers Universituy - New Brunswick); Bingsheng He (National University of Singapore),Efficient Load-Balanced Butterfly Counting on GPU
"Lawrence Benson (Hasso Plattner Institute, University of Potsdam)*; Leon Papke (Hasso Plattner Institute); Tilmann Rabl (HPI, University of Potsdam)",PerMA-Bench: Benchmarking Persistent Memory Access
Yuliang He (Simon Fraser University); Duo Lu (Simon Fraser University); Kaisong Huang (Simon Fraser University); Tianzheng Wang (Simon Fraser University)*,Evaluating Persistent Memory Range Indexes: Part Two
Bobbi W Yogatama (University of Wisconsin-Madison)*; Weiwei Gong (Oracle America); Xiangyao Yu (University of Wisconsin-Madison),Orchestrating Data Placement and Query Execution in Heterogeneous CPU-GPU DBMS
Weicheng Wang (Hong Kong University of Science and Technology)*; Raymond Chi-Wing Wong (Hong Kong University of Science and Technology),Interactive Mining with Ordered and Unordered Attributes
"Wenzhe Yang (Wuhan University)*; Sheng Wang (Wuhan University); Yuan Sun (The University of Melbourne); Zhiyong Peng ("" Wuhan University, China"")",Fast Dataset Search with Earth Mover's Distance
"João L. M. Pereira (INESC-ID and IST, Universidade de Lisboa, and University of Amsterdam)*; João Casanova (Hitachi Vantara); Helena Galhardas (INESC-ID and IST, Universidade de Lisboa ); Dennis Shasha (NYU, USA)","AcX: System, Techniques, and Experiments for Acronym Expansion"
Hongzhi Chen (CUHK)*; Changji Li (CUHK); Chenguang Zheng (CUHK); Chenghuan Huang (CUHK); Juncheng Fang (CUHK); James Cheng (CUHK); Jian Zhang (The Chinese University of Hong Kong),G-Tran: A High Performance Distributed Graph Database with a Decentralized Architecture
"Arnd Christian König (Microsoft)*; Yi Shan (Microsoft); Tobias Ziegler (TU Darmstadt); Aarati Kakaraparthy (University of Wisconsin, Madison); Willis Lang (Microsoft); Justin Moeller (Microsoft); Ajay Kalhan (Microsoft); Vivek Narasayya (Microsoft)",Tenant Placement in Over-subscribed Database-as-a-Service Clusters
Yue Chen (Nanyang Technological University)*; Kaiyu Feng (NTU); Gao Cong (Nanyang Technological Univesity); Han Mao Kiah (Nanyang Technological University),Example-based Spatial Pattern Matching
"Zeshun Peng (Northeastern University, China); Yanfeng Zhang (Northeastern University)*; Qian Xu (Northeastern University); haixu liu (Northeastern University); Yuxiao Gao (东北大学); Xiaohua Li (Northeastern University); Ge Yu (Northeast University)",NeuChain: A Fast Permissioned Blockchain System with Deterministic Ordering
"Ryan McKenna (University of Massachusetts, Amherst)*; Brett Mullins (University of Massachusetts); Daniel Sheldon (University of Massachusetts, Amherst); Gerome Miklau (University of Massachusetts Amherst)",AIM: An Adaptive and Iterative Mechanism for Differentially Private Synthetic Data
"Etienne JR Toussaint (University of Edinburgh); Paolo Guagliardo (University of Edinburgh)*; Leonid Libkin (University of Edinburgh, School of Informatics); Juan Sequeda (data.world)","Troubles with Nulls, Views from the Users"
Yeonhong Park (Seoul National University)*; Sunhong Min (Seoul National University); Jae W. Lee (Seoul National University),Ginex: SSD-enabled Billion-scale Graph Neural Network Training on a Single Machine via Provably Optimal In-memory Caching
Junhua Zhang (UTS); Wentao Li (University of Technology Sydney)*; Long Yuan (Nanjing University of Science and Technology); Lu Qin (UTS); Ying Zhang (University of Technology Sydney); Lijun Chang (The University of Sydney),"Shortest-Path Queries on Complex Networks: Experiments, Analyses, and Improvement"
Sameera Ghayyur (UC Irvine)*; Dhrubajyoti Ghosh (UC Irvine); Xi He (University of Waterloo); Sharad Mehrotra (U.C. Irvine),MIDE: Accuracy Aware Minimally Invasive Data Exploration For Decision Support
"Dhrubajyoti Ghosh (UC Irvine)*; Peeyush Gupta (UC Irvine); Sharad Mehrotra (U.C. Irvine); Roberto Yus (University of Maryland, Baltimore County); Yasser Altowim (King Abdulaziz City for Science and Technology)",JENNER:  Just-in-time Enrichment in Query Processing
Jiaoyi Zhang (Tsinghua University); Yihan Gao (Tsinghua University)*,CARMI: A Cache-Aware Learned Index with a Cost-based Construction Algorithm
Ian Swift (University of Illinois at Chicago)*; Sana Ebrahimi (University of Illinois at Chicago); Azade Nazi (Google Brain); Abolfazl Asudeh (University of Illinois at Chicago),Maximizing Fair Content Spread via Edge Suggestion in Social Networks
Axel Hertzschuch (Technische Universität Dresden)*; Claudio Hartmann (Technische Universität Dresden); Dirk Habich (TU Dresden); Wolfgang Lehner (TU Dresden),Turbo-Charging SPJ Query Plans with Learned Physical Join Operator Selections
"Chenhao Ma (The University of Hong Kong)*; Reynold Cheng (""The University of Hong Kong, China""); Laks V.S.  Lakshmanan (The University of British Columbia); xiaolin han (The University of Hong Kong)",Finding Locally Densest Subgraphs: A Convex Programming Approach
"Zezhi Shao (Institute of Computing Technology, Chinese Academy of Sciences)*; Zhao Zhang (Institute of Computing Technology, Chinese Academy of Sciences ); Wei Wei (Huazhong University of Science and Technology); Fei Wang (Institute of Computing Technology, Chinese Academy of Sciences); yongjun xu (Institute of Computing Technology, Chinese Academy of Sciences); Xin Cao (University of New South Wales); Christian  S Jensen (Aalborg University)",Decoupled Dynamic Spatial-Temporal Graph Neural Network for Traffic Forecasting
Youjie Li (UIUC)*; Amar Phanishayee (Microsoft Research); Derek Murray (Lacework); Jakub Tarnawski (Microsoft Research); Nam Sung Kim (University of Illinois at Urbana-Champaign),Harmony: Overcoming the hurdles of GPU memory capacity to train massive DNN models on commodity servers
Xuan Luo (Simon Fraser University)*; Jian Pei (Simon Fraser University); Zicun Cong (Simon Fraser University); Cheng Xu (Simon Fraser University),On Shapley Value in Data Assemblage Under Independent Utility
John Paparrizos (University of Chicago)*; Paul Boniol (Université de Paris); Themis Palpanas (University of Paris); Ruey Tsay (University of Chicago); Aaron J Elmore (University of Chicago); Michael Franklin (University of Chicago),Volume Under the Surface: A New Accuracy Evaluation Measure for Time-Series Anomaly Detection
Haoteng YIN (Purdue University)*; Muhan Zhang (Peking University); Yanbang Wang (Cornell University); Jianguo Wang (Purdue University); Pan Li (Purdue University),Algorithm and System Co-design for Efficient Subgraph-based Graph Representation Learning
Michael Freitag (TUM)*; Alfons Kemper (TUM); Thomas Neumann (TUM),Memory-Optimized Multi-Version Concurrency Control for Disk-Based Database Systems
"Dong He (University of Washington)*; Supun C Nakandala (University of California, San Diego); Dalitso Banda (Microsoft); Rathijit Sen (Microsoft); Karla Saur (Microsoft); Kwanghyun Park (Microsoft); Carlo Curino (Microsoft -- GSL); Jesús Camacho-Rodríguez (Microsoft); Konstantinos Karanasos (Meta); Matteo Interlandi (Microsoft)",Query Processing on Tensor Computation Runtimes
Yifu Tang (Deakin University ); Jianxin Li (Deakin University)*; Nur Al Hasan Haldar (The University of Western Australia); Ziyu Guan (Xidian University); Jiajie Xu (Soochow University); Chengfei Liu (Swinburne University of Technology),Reliable Community Search in Dynamic Networks
"Mohammad Javad Amiri  (University of Pennsylvania)*; Boon Thau Loo (Univ. of Pennsylvania); Divy Agrawal (University of California, Santa Barbara); Amr El Abbadi (UC Santa Barbara)",Qanaat: A Scalable Multi-Enterprise Permissioned Blockchain System with Confidentiality Guarantees
Tsz Nam Chan (Hong Kong Baptist University)*; Leong Hou U (University of Macau); Yun PENG (Hong Kong Baptist University); Byron Choi (Hong Kong Baptist University); Jianliang Xu (Hong Kong Baptist University),Fast Network K-function-based Spatial Analysis
"Robert Lasch (TU Ilmenau, SAP SE)*; Thomas Legler (SAP SE); Norman May (SAP SE); Bernhard Scheirle (SAP SE); Kai-Uwe Sattler (TU Ilmenau)",Cost Modelling for Optimal Data Placement in Heterogeneous Main Memory
Junru Li (Tsinghua University)*; Youyou Lu (luyouyou@tsinghua.edu.cn); Yiming Zhang (Xiamen University); Qing Wang (Tsinghua University); Zhuo Cheng (Huawei Storage Product Line); Keji Huang (Huawei); Jiwu Shu (shujw@tsinghua.edu.cn),SwitchTx: Scalable In-Network Coordination for Distributed Transaction Processing
Lukas Vogel (TUM)*; Alexander van Renen (Friedrich-Alexander-Universität Erlangen-Nürnberg ); Satoshi Imamura (Fujitsu Laboratories Ltd.); Jana Giceva (TU Munich); Thomas Neumann (TUM); Alfons Kemper (TUM),Plush: A Write-Optimized Persistent Log-Structured Hash-Table
Fangyuan ZHANG (The Chinese Univesity of Hong Kong); Sibo Wang (The Chinese University of Hong Kong)*,Effective Indexing for Dynamic Structural Graph Clustering
Immanuel Trummer (Cornell)*,CodexDB: Synthesizing Code for Query Processing from Natural Language Instructions using GPT-3 Codex
Arnab Phani (Graz University of Technology)*; Lukas Erlbacher (Graz University of Technology); Matthias Boehm (Graz University of Technology),UPLIFT: Parallelization Strategies for Feature Transformations in Machine Learning Workloads
Xinjing Zhou (Massachusetts Institute of Technology)*; Xiangyao Yu (University of Wisconsin-Madison); Goetz Graefe (Google); Michael Stonebraker (MIT),Lotus: Scalable Multi-Partition Transactions on Single-Threaded Partitioned Databases
"Konstantinos Kanellis (University of Wisconsin-Madison)*; Cong Ding (University of Wisconsin-Madison); Brian Kroth (Microsoft); Andreas C Mueller (Microsoft); Carlo Curino (Microsoft); Shivaram Venkataraman (University of Wisconsin, Madison)",LlamaTune: Sample-Efficient DBMS Configuration Tuning
Christian Winter (TUM)*; Jana Giceva (TU Munich); Thomas Neumann (TUM); Alfons Kemper (TUM),On-Demand State Separation for Cloud Data Warehousing
Immanuel Trummer (Cornell)*,BABOONS: Black-Box Optimization of Data Summaries in Natural Language
Xiaoying Wang (Simon Fraser University); Weiyuan Wu (Simon Fraser University); Jinze Wu (Simon Fraser University); Yizhou Chen (Simon Fraser University); Nick Zrymiak (Simon Fraser University); Changbo Qu (Simon Fraser University); Lampros Flokas (Columbia University); George Chow (Simon Fraser University); Jiannan Wang (Simon Fraser University)*; Tianzheng Wang (Simon Fraser University); Eugene Wu (Columbia University); Qingqing Zhou (Tencent Inc.),ConnectorX: Accelerating Data Loading From Databases to Dataframes
Chaichon Wongkham (The Chinese University of Hong Kong)*; Baotong Lu (Chinese University of Hong Kong); Chris Liu (Chinese University of Hong Kong); Zhicong Zhong (Chinese University of Hong Kong); Eric Lo (Chinese University of Hong Kong); Tianzheng Wang (Simon Fraser University),Are Updatable Learned Indexes Ready?
Maximilian Reif (Technical University of Munich)*; Thomas Neumann (TUM),A Scalable and Generic Approach to Range Joins
Ellen Hohma (Technical University of Munich); Christian M.M. Frey (Christian-Albrechts-University Kiel); Anna Beer (LMU Munich)*; Thomas Seidl (LMU Munich),SCAR - Spectral Clustering Accelerated and Robustified
Michael Benedikt (Oxford University)*; Maxime Buron (Oxford University); Stefano Germano (University of Oxford); Kevin Kappelmann (TU Munich); Boris Motik (University of Oxford),Rewriting the Infinite Chase
Panagiotis Liakos (University of Athens)*; Katia Papakonstantinopoulou (Athens University of Economics and Business); Yannis Kotidis (Athens University of Economics and Business),Chimp: Efficient Lossless Floating Point Compression for Time Series Databases
Niv Dayan (Pliops)*; Tamar Weiss (Pliops); Shmuel Dashevsky (Pliops); Michael Pan (Pliops); Edward Bortnikov (Pliops); Moshe Twitto (Pliops),Spooky: Granulating LSM-Tree Compactions Correctly
Kai Yao (The University of Sydney)*; Lijun Chang (The University of Sydney); Jeffrey Xu Yu (Chinese University of Hong Kong),Identifying Similar-Bicliques in Bipartite Graphs
Chenghao Lyu (University of Massachusetts Amherst)*; Qi Fan (Ecole Polytechnique); Fei Song (Ecole Polytechnique); Arnab Sinha (Ecole Polytechnique); Yanlei Diao (Ecole Polytechnique); Wei Chen (Alibaba); Li  Ma (Alibaba Group); Yihui Feng (Alibaba Group); Yaliang Li (Alibaba Group); Kai  Zeng (Alibaba Group); Jingren Zhou (Alibaba Group),Fine-Grained Modeling and Optimization for Intelligent Resource Management in Big Data Processing
Ziyi Liu (The University of Queensland)*; Lei Li (The Hong Kong University of Science and Technology (Guang Zhou)); Mengxuan Zhang (Iowa State University); Wen Hua (The University of Queensland); Xiaofang Zhou (The Hong Kong University of Science and Technology),FHL-Cube: Multi-Constraint Shortest Path Querying with Flexible Combination of Constraints
Michael Abebe (University of Waterloo)*; Horatiu Lazu (University of Waterloo); Khuzaima Daudjee (University of Waterloo),Tiresias: Enabling Predictive Autonomous Storage and Indexing
Abolfazl Asudeh (University of Illinois at Chicago)*; Fatemeh Nargesian (University of Rochester),Towards Distribution-aware Query Answering in Data Markets
Suyong Kwon (Seoul National University); Woohwan Jung (Hanyang University)*; Kyuseok Shim (Seoul National University),Cardinality Estimation of Approximate Substring Queries using Deep Learning
"Karla Saur (Microsoft)*; Tara Mirmira (University of California, San Diego); Konstantinos Karanasos (Meta); Jesús Camacho-Rodríguez (Microsoft)",Containerized Execution of UDFs: An Experimental Evaluation
Steven Xia (University of Chicago)*; Zhiru Zhu (University of Chicago); Christopher Zhu (The University of Chicago); Jinjin Zhao (University of Chicago); Kyle Chard (Computation Institute); Aaron J Elmore (University of Chicago); Ian Foster (University of Chicago &amp; Argonne Nat Lab); Michael Franklin (University of Chicago); Sanjay Krishnan (U Chicago); Raul Castro Fernandez (UChicago),"Data Station: Delegated, Trustworthy, and Auditable Computation to Enable Data-Sharing Consortia with a Data Escrow"
"Khaled Ammar (University of Waterloo, Thomson Reuters Labs)*; Siddhartha Sahu (University of Waterloo); Semih Salihoglu (University of Waterloo); Tamer Özsu (University of Waterloo)",Optimizing Differentially-Maintained Recursive Queries on Dynamic Graphs
Zihan Luo (The Hong Kong University of Science and Technology (Guang Zhou))*; Lei Li (The Hong Kong University of Science and Technology (Guang Zhou)); Mengxuan Zhang (Iowa State University); Wen Hua (The University of Queensland); Yehong Xu (Hongkong university of science and technology); Xiaofang Zhou (The Hong Kong University of Science and Technology),Diversified Top-k Route Planning in Road Network
Xiangmin Zhou (RMIT University)*; Lei  Chen (Hong Kong University of Science and Technology),Migrating Social Event Recommendation Over Microblogs
Yueting Chen (York University ); Nick Koudas (University of Toronto); Xiaohui Yu (York University)*; Ziqiang Yu (Yantai University),Spatial and Temporal Constrained Ranked Retrieval over Videos
Ningyi Liao (Nanyang Technological University )*; Dingheng Mo (Nanyang Technological University); Siqiang Luo (Nanyang Technological University); Xiang Li (East China Normal University); Pengcheng Yin (Carnegie Mellon University),SCARA: Scalable Graph Neural Networks with Feature-Oriented Optimization
Antonis Manousis (Carnegie Mellon University)*; zhuo cheng (Peking University); Zaoxing Liu (Boston University); Ran Ben Basat (UCL); Vyas Sekar (Carnegie Mellon University),Enabling Efficient and General Subpopulation Analytics in Multidimensional Data Streams
"Qing Chen (University of Zürich)*; Oded Lachish (Birkbeck, University of London); Sven Helmer (University of Zurich); Michael H Böhlen (University of Zurich)",Dynamic Spanning Trees for Connectivity Queries on Fully-dynamic Undirected Graphs
Monica Chiosa (ETH Zurich)*; Fabio Maschi (ETHZ); Ingo Müller (Google); Gustavo Alonso (ETHZ); Norman May (SAP SE),Hardware Acceleration of Compression and Encryption in SAP HANA
Martin Graf (Hasso Plattner Institute); Lukas Laskowski (Hasso Plattner Institute); Florian Papsdorf (Hasso Plattner Institute); Florian Sold (Hasso Plattner Institute); Roland Gremmelspacher (SAP SE); Felix Naumann (Hasso Plattner Institute); Fabian Panse (Universität Hamburg)*,Frost: A Platform for Benchmarking and Exploring Data Matching Results
Changji Li (CUHK)*; Hongzhi CHEN (ByteDance); Shuai Zhang (Bytedance); Yingqian HU (ByteDance); Chao Chen (ByteDance); Zhenjie ZHANG (ByteDance); Meng LI (ByteDance); Xiangchen Li (ByteDance); Dongqing Han (ByteDance); Xiaohui Chen (Bytedance Ltd); Xudong Wang (bytedance); Huiming Zhu (ByteDance); Xuwei FU (bytedance); Tingwei Wu (ByteDance); Hongfei Tan (ByteDance); Hengtian Ding (ByteDance); Mengjin Liu (ByteDance); Kangcheng WANG (ByteDance); Ting Ye (ByteDance); Lei LI (ByteDance); Xin Li (ByteDance); Yu Wang (ByteDance); Chenguang Zheng (CUHK); Hao Yang (Bytedance.com); James Cheng (CUHK),ByteGraph: A High-Performance Distributed Graph Database in ByteDance
"Prakash C Das (Informatica); Shivangi srivastava (Informatica); Valentin Moskovich (Informatica)*; Anmol Chaturvedi (Informatica); Anant Mittal (Informatica); Yongqin Xiao (Informatica); Mosharaf Chowdhury (University of Michigan, Ann Arbor)",CDI-E: An Elastic Cloud Service for Data Engineering
Sheng Wang (Alibaba Group)*; Yiran Li (Alibaba Group); Huorong Li (Alibaba Group); Feifei Li (Alibaba Group); Chengjin Tian (Alibaba Group); Le Su (Alibaba Group); yanshan Zhang (Alibaba Group); Yubing Ma (Alibaba Group); Lie Yan (Alibaba Group); Yuanyuan Sun (Alibaba Group); Xuntao Cheng (Alibaba Group); Xiaolong Xie (Alibaba Group); Yu Zou (Alibaba Group),Operon: An Encrypted Database for Ownership-Preserving Data Management
caixin gong (Alibaba Group)*; Chengjin Tian (Alibaba Group); Zhengheng Wang (Alibaba Group); Sheng Wang (Alibaba Group); Xiyu Wang (Alibaba Group); Qiulei Fu (Alibaba Group); Wu Qin (Alibaba); qian long (alibaba); Rui Chen (Alibaba); Jiang Qi (Alibaba); Ruo Wang (Alibaba); Guoyun Zhu (Alibaba Group); Chenghu Yang (Alibaba Group); Wei Zhang (Alibaba Inc.); Feifei Li (Alibaba Group),Tair-PMem: a Fully Durable Non-Volatile Memory Database
Branimir Lambov (DataStax)*,Trie memtables in Cassandra
"Pedro Pedreira (Facebook Inc.)*; Orri Erling (Facebook); Maria Basmanova (Facebook); Kevin Wilfong (Facebook); Laith s Sakka (Meta); Krishna Pai (Meta); Wei He (Meta Platforms, Inc.); Biswapesh Chattopadhyay (Facebook)",Velox: Meta’s Unified Execution Engine
Zhenkun YANG (OceanBase); Chuanhui Yang (OceanBase); Fusheng Han (OceanBase); MingQiang Zhuang (OceanBase); Bing Yang (OceanBase); Zhifeng Yang (OceanBase); cheng xiaojun (oceanbase); Yuzhong Zhao (oceanbase); Wenhui Shi (OceanBase); huafeng xi (oceanbase.com); Huang Yu (Ant Financial Group); LIU BIN (OceanBase); Yi Pan (OceanBase); BOXUE YIN (OceanBase); Junquan Chen (OceanBase); Quanqing Xu (OceanBase)*,OceanBase: A 707 Million tpmC Distributed Relational Database System
Hai Lan (RMIT University); Jiong Xie (Alibaba Group); Zhifeng  Bao (RMIT University)*; Feifei Li (Alibaba Group); Wei Tian (Alibaba Group); Eric Wong (Alibaba); Sheng Wang (Alibaba Group); Ailin Zhang (Alibaba),"VRE: A Versatile, Robust, and Economical Trajectory Data System"
Jianjun Chen (Bytedance)*; Yonghua Ding (Bytedance.com); Ye Liu (Bytedance Inc.); Fangshi Li (Bytedance); Li Zhang (ByteDance); Mingyi Zhang (ByteDance Inc); Kui Wei (ByteDance Inc.); Cao Lixun (ByteDance); Dan Zou (ByteDance); Yang Liu (ByteDance); Lei Zhang (ByteDance); Rui Shi (ByteDance Inc.); Wei Ding (Bytedance); KAI WU (ByteDance); Shangyu Luo (ByteDance); Jason Sun (Bytedance ); Yuming Liang (ByteDance Inc.),ByteHTAP: ByteDance’s HTAP System with High Data Freshness and Strong Data Consistency
Wolfram Wingerath (University of Oldenburg)*; Benjamin Wollmer (University of Hamburg); Markus Bestehorn (Amazon Web Services); Stephan Succo (Baqend); Sophie Ferrlein (Baqend); Florian Bücklers (Baqend); Jörn Domnik (Baqend); Fabian Panse (Universität Hamburg); Erik Witt (Baqend); Anil Sener (Amazon Web Services); Felix Gessert (Universität Hamburg); Norbert Ritter (Universität Hamburg),Beaconnect: Continuous Web Performance A/B Testing at Scale
Zongzhi Chen (Alibaba Group)*; xinjun Yang (Alibaba Group); Feifei Li (Alibaba Group); Xuntao Cheng (Alibaba Group); Qingda Hu (Alibaba Group); Zheyu Miao (Alibaba Group); Rongbiao Xie (Alibaba group); Xiaofei Wu (Alibaba Group); Kang Wang (Alibaba Group); Zhao Song (Alibaba Group); Haiqing Sun (Alibaba Group); Zechao Zhuang (Alibaba Group); Yuming Yang (Alibaba Group); Jie Xu (Alibaba Group); Liang Yin (Alibaba Group); Wenchao Zhou (Alibaba Group); Sheng Wang (Alibaba Group),CloudJump: Optimizing Cloud Databases for Cloud Storages
Kaiping Zheng (National University of Singapore); Shaofeng Cai (National University of Singapore); Horng-Ruey Chua (National University Hospital); Melanie Herschel (Universität Stuttgart); Meihui Zhang (Beijing Institute of Technology); Beng Chin Ooi (NUS)*,DyHealth: Making Neural Networks Dynamic for Effective Healthcare Analytics
Andrey Mishchenko (University Of Michigan); Dominique Danco (University of Amsterdam); Abhilash Jindal (IIT Delhi)*; Adrian Blue (Instabase),Blueprint: a constraint-solving approach for document extraction
"Muzhi Yu (Peking University)*; Zhaoxiang Lin (tencent); Jinan Sun (Peking University); ZHOU RUNYUN (Tencent Cloud Computing (Beijing) Co., Ltd.); Jiang Guoqiang (tencent); hua huang (tencent); Shikun Zhang (Peking University)",TencentCLS: The Cloud Log Service with High Query Performances
Jiong Xie (Alibaba Group); Zhen chenz (Alibaba Corp.); jianwei liu (alibaba); Eric Wong (Alibaba); Feifei Li (Alibaba Group); Zhida Chen (Alibaba Group)*; Yinpei Liu (Alibaba Group); Songlu Cai (Alibaba Group); zhenhua fan (Alibaba-inc); Fei Xiao (Alibaba Group); Yue Chen (Alibaba group),"Ganos: A Multidimensional, Dynamic, and Scene-Oriented Cloud-Native Spatial Database Engine"
Sarath Lakshman (Couchbase)*; Apaar Gupta (Couchbase Inc.); Rohan Suri (Couchbase); Scott D Lashley (Couchbase); John Liang (Couchbase Inc); Srinath Duvuru (Couchbase),Magma: A high data density storage engine used in Couchbase
Joyce Cahoon (Microsoft); Wenjing Wang (microsoft); Yiwen Zhu (Microsoft)*; Katherine Lin (Microsoft); Sean Liu (Microsoft); Raymond Truong (Microsoft); Neetu Singh (Microsoft); Chengcheng Wan (University of Chicago); Alexandra M Ciortea (Microsoft); Sreraman Narasimhan (Microsoft); Subru Krishnan (Microsoft),Doppler: Automated SKU Recommendation in Migrating SQL Workloads to the Cloud
Stavros Harizopoulos (Meta)*; Taylor Hopper (Meta); Morton Mo (Meta); Shyam Sundar Chandrasekaran (Meta); Tongguang Chen (Meta); Yan Cui (Meta); Nandini Ganesh (Meta); Gary Helmling (Meta); Hieu Pham (Meta); Sebastian Wong (Meta),Meta's Next-generation Realtime Monitoring and Analytics Platform
Kevin P Gaffney (University of Wisconsin-Madison)*; Martin Prammer (University of Wisconsin - Madison); Laurence C Brasfield (SQLite devs); Richard Hipp (SQLite.org); Dan R Kennedy (Sqlite); Jignesh Patel (UW - Madison),"SQLite: Past, Present, and Future"
Rentong Guo (Zilliz); Long Xiang (Southern University of Science and Technology); Xiaofan Luan (ZilliZ); Xiao Yan (Southern University of Science and Technology)*; Xiaomeng Yi (Zilliz); Jigao Luo (Zilliz); qianya cheng (zilliz); Weizhi Xu (Zilliz); Jiarui Luo (Southern University of Science and Technology); Frank Liu (Zilliz); Zhenshan Cao (Zilliz); yanliang qiao (Zilliz); Ting Wang (zilliz); Bo Tang  (Southern University of Science and Technology); Charles Xie (Zilliz),Manu: A Cloud Native Vector Database Management System
Sainyam Galhotra (University of Chicago)*; Udayan Khurana (IBM Research),Automated Relational Data Explanation using External Semantic Knowledge
Andrea Rossi (Roma Tre University)*; Donatella Firmani (Sapienza University); Paolo Merialdo (University Roma Tre); Tommaso Teofili (Roma Tre University),Kelpie: an Explainability Framework for Embedding-based Link Prediction Models
Yin Lin (University of Michigan)*; Brit Youngmann (MIT); Yuval Moskovitch (University of Michigan); H. V. Jagadish (University of Michigan); Tova Milo (Tel Aviv University),OREO: Detection of Cherry-picked Generalizations
André Kohn (Technical University of Munich)*; Dominik Moritz (Carnegie Mellon University); Mark Raasveldt (CWI); Hannes Mühleisen (Centrum Wiskunde &amp; Informatica); Thomas Neumann (TU Munich),DuckDB-Wasm: Fast Analytical Processing for the Web
"Yihai Xi (School of Computer and Information Technology, Beijing Jiaotong University); Ning Wang (School of Computer and Information Technology, Beijing Jiaotong University)*; Xinyu Chen (School of Computer and Information Technology, Beijing Jiaotong University); Yiyi Zhang (School of Computer and Information Technology, Beijing Jiaotong University); Zilong Wang (School of Computer and Information Technology, Beijing Jiaotong University); Zhihong Xu (School of Computer and Information Technology, Beijing Jiaotong University); Yue Wang (School of Computer and Information Technology, Beijing Jiaotong University)",EasyDR: A Human-in-the-loop Error Detection&Repair Platform for Holistic Table Cleaning
Xuchen Pan (Beihang University); Yongxin Tong (Beihang University)*; Chunbo Xue (Beihang University); Zimu Zhou (Singapore Management University); Junping Du (Beijing University Of Posts And Telecommunications); Yuxiang Zeng (Hong Kong University of Science and Technology); Yexuan Shi (Beihang University); Xiaofei Zhang (University of Memphis); Lei  Chen (Hong Kong University of Science and Technology); Yi Xu (Beihang University); Ke Xu (Beihang University); Weifeng Lv (Beihang University),Hu-Fu: A Data Federation System for Secure Spatial Queries
Marius  Gassen (TU Darmstadt); Benjamin Hättasch (TU Darmstadt)*; Benjamin Hilprecht (TU Darmstadt); Nadja Geisler (TU Darmstadt); Alexander Fraser (LMU Munich); Carsten Binnig (TU Darmstadt),Demonstrating CAT: Synthesizing Data-Aware Conversational Agents for Transactional Databases
"Aurélien Personnaz (CNRs, Univ. Grenoble Alpes); Brit Youngmann (MIT)*; Sihem Amer-Yahia (CNRS)",EDA4SUM: Guided Exploration of Data Summaries
"Chenjie Li (Illinois Institute of Technology)*; Juseung Lee (Illinois Institute of Technology); Zhengjie Miao (Duke University); Boris Glavic (Illinois Institute of Technology); Sudeepa Roy (Duke University, USA)",CaJaDE: Explaining Query Results by Augmenting Provenance with Context
Yuki Asada (Microsoft); Victor Fu (Microsoft); Apurva Gandhi (Microsoft); Advitya Gemawat (Microsoft); Lihao Zhang (Microsoft); Vivek Gupta (Microsoft); Ehi Nosakhare (Microsoft); Dalitso Banda (Microsoft); Rathijit Sen (Microsoft); Matteo Interlandi (Microsoft)*,Share the Tensor Tea: How Databases can Leverage the Machine Learning Ecosystem
Jess Tan (NTU); Desmond Yeoh (NTU); Rachael Neoh (NTU); Huey Eng CHUA (Nanyang Technological University); Sourav S Bhowmick (Nanyang Technological University)*,MOCHA: A Tool for Visualizing Impact of Operator Choices in Query Execution Plans for Database Education
Tsz Nam Chan (Hong Kong Baptist University)*; Pak Lon Ip (University of Macau); kaiyan zhao (University of Macau); Leong Hou U (University of Macau); Byron Choi (Hong Kong Baptist University); Jianliang Xu (Hong Kong Baptist University),LIBKDV: A Versatile Kernel Density Visualization Library for Geospatial Analytics
Arul Ajmani (Cockroach Labs); Aayush Shah (Cockroach Labs); Alexander Shraer (Cockroach Labs); Adam Storm (Cockroach Labs); Rebecca Taft ()*; Oliver Tan (Cockroach Labs); Nathan VanBenschoten (Cockroach Labs),A Demonstration of Multi-Region CockroachDB
Adriane Chapman (University of Southampton); Luca Lauro (Roma Tre University); Paolo Missier (Newcastle University); Riccardo Torlone (Roma Tre University)*,DPDS: Assisting Data Science with Data Provenance
Vargha Dadvar (University of Waterloo); Lukasz Golab (University of Waterloo)*; Divesh Srivastava (AT&amp;T Chief Data Office),POEM: Pattern-Oriented Explanations of CNN Models
Ramon Antonio Rodriges Zalipynis (HSE University)*; Nikita A Terlych (HSE University),WebArrayDB: A Geospatial Array DBMS in Your Web Browser
Hai Lan (RMIT University)*; Yuanjia Zhang (PingCAP); Zhifeng  Bao (RMIT University); Dongxu Huang (PingCAP); Liu Tang (PingCAP); Yu Dong (PingCAP); Jian Zhang (PingCAP),AutoDI: Towards an Automatic Plan Regression Analysis
Susan B Davidson (University of Pennsylvania); Shay Gershtein (Tel Aviv University); Tova Milo (Tel Aviv University); Slava Novgorodov (Meta)*; May Shoshan (Tel Aviv University),PHOcus: Efficiently Archiving Photos
Kai Huang (HKUST)*; Qingqing  Ye (Hong Kong Polytechnic University); Jing ZHAO (HKUST); Xi Zhao (The Hong Kong University of Science and Technology); Haibo Hu (Hong Kong Polytechnic University); Xiaofang Zhou (Hong Kong University of Sci and Tech),VINCENT: Towards Efficient Exploratory Subgraph Search in Graph Databases
Osnat Drien (Bar Ilan University); Matanya Freiman (Bar Ilan University); Yael Amsterdamer (Bar-Ilan university )*,ActivePDB: Active Probabilistic Databases
Tommaso Teofili (Roma Tre University)*; Donatella Firmani (Sapienza University); Nick Koudas (University of Toronto); Paolo Merialdo (University Roma Tre); Divesh Srivastava (AT&amp;T Chief Data Office),CERTEM: Explaining and Debugging Black-box Entity Resolution Systems with CERTA
Ahmet Kerem Aksoy (TU Berlin); Pavel Dushev (SAP); Eleni Tzirita Zacharatou (IT University of Copenhagen)*; Holmer Hemsen (DFKI GmbH); Marcela Charfuelan (DFKI); Jorge Arnulfo Quiane Ruiz (TU Berlin); Begum Demir (TU Berlin); Volker Markl (Technische Universität Berlin),Satellite Image Search in AgoraEO
Li Yan (Nanyang Technological University); Nerissa Xu (Nanyang Technological University); Guozhong Li (Hong Kong Baptist University); Sourav S Bhowmick (Nanyang Technological University)*; Byron Choi (Hong Kong Baptist University); Jianliang Xu (Hong Kong Baptist University),SENSOR: Data-driven Construction of Sketch-based Visual Query Interfaces for Time Series Data
Angela Bonifati (Univ. of Lyon)*; Stefania G. Dumbrava (ENSIIE); Emile Martinez (ENS Lyon); Fatemeh Ghasemi (ENS Lyon); Malo Jaffré (ENS Lyon); Pacome Luton (ENS Lyon); Thomas Pickles (ENS Lyon),DiscoPG: Property Graph Schema Discovery and Exploration
wissam Mammar kouadri (University of Paris); Salima Benbernou (Université de paris)*; mourad ouziri (University of Paris); Themis Palpanas (University of Paris); Iheb Benamor (IMBA Consulting),"SA-Q: Observing, Evaluating, and Enhancing the Quality of the Results of Sentiment Analysis Tools"
Abdelghny Orogat (Carleton University)*; Ahmed El-Roby (Carleton University),SmartBench: Demonstrating Automatic Generation of Comprehensive Benchmarks for Question Answering Over Knowledge Graphs
"Jianhong Tu (Renmin University of China); Xiaoyue Han (Renmin University of China); Ju Fan (Renmin University of China)*; Nan Tang (Qatar Computing Research Institute, HBKU); Chengliang Chai (Tsinghua University); Guoliang Li (Tsinghua University); Xiaoyong Du (Renmin University of China)",DADER: Hands-Off Entity Resolution with Domain Adaptation
James L Gale (Sigma Computing)*; Max Seiden (Sigma Computing); Deepanshu Utkarsh (Sigma Computing); Jason Frantz (Sigma Computing); Rob Woollen (Sigma Computing); Cagatay Demiralp (Sigma Computing),Sigma Workbook: A Spreadsheet for Cloud Data Warehouses
Zihao Chen (East China Normal University); Zhizhen Xu (East China Normal University); Baokun Han (East China Normal University); Chen Xu (East China Normal University)*; Weining Qian (East China Normal University); Aoying Zhou (East China Normal University),ReMac: A Matrix Computation System with Redundancy Elimination
"Phillip Wenig (Hasso Plattner Institute, University of Potsdam); Sebastian Schmidl (Hasso Plattner Institute, University of Potsdam)*; Thorsten Papenbrock (Philipps University of Marburg)",TimeEval: A Benchmarking Toolkit for Time Series Anomaly Detection Algorithms
"Alberto Lerner (University of Friborug)*; Matthias Jasny (TU Darmstadt); Theo Jepsen (USI); Carsten Binnig (TU Darmstadt); Philippe Cudre-Mauroux (University of Fribourg, Switzerland)",DBMS Annihilator: A High-Performance Database Workload Generator in Action
Zhiyu Liang (Harbin Institute of Technology); Hongzhi Wang (Harbin Institute of Technology)*,FedTSC: A Secure Federated Learning System for Interpretable Time Series Classification
Qingshun Wu (Zhengzhou Univeristy); Yafei Li (Zhengzhou University)*; huiling Li (Zhengzhou university); Di Zhang (Zhengzhou university); Guanglei Zhu (Zhengzhou University),AMRAS: A Visual Analysis System for Spatial Crowdsourcing
Hani Al-Sayeh (TU Ilmenau)*; Muhammad Attahir Jibril (TU Ilmenau); Muhammad Waleed Bin Saeed (TU Ilmenau); Kai-Uwe Sattler (TU Ilmenau),SparkCAD: Caching Anomalies Detector for Spark Applications
Wilco van Leeuwen (TU Eindhoven); Thomas Mulder (TU Eindhoven); Bram van de Wall (TU Eindhoven); George Fletcher (Eindhoven University of Technology); Nikolay Yakovets (TU Eindhoven)*,AvantGraph Query Processing Engine
Paul Boniol (Université de Paris)*; John Paparrizos (University of Chicago); Yuhao Kang (University of Chicago); Themis Palpanas (University of Paris); Ruey S. Tsay (University of Chicago); Aaron J Elmore (University of Chicago); Michael Franklin (University of Chicago),Theseus: Navigating the Labyrinth of Time-Series Anomaly Detection
Dennis M Hofmann (Worcester Polytechnic Institute); Peter VanNostrand (WPI); Huayi Zhang (WPI); Yizhou Yan (Worcester Polytechnic Institute); Lei Cao (MIT)*; Samuel Madden (MIT); Elke A Rundensteiner (WPI),A Demonstration of AutoOD: A Self-tuning Anomaly Detection System
Sunny Gakhar (Microsoft); Joyce Cahoon (Microsoft); Wangchao le (Microsoft); Xiangnan Li (Microsoft Corporation); Kaushik Ravichandran (Microsoft R&amp;D India); Hiren Patel (Microsoft); Marc Friedman (Microsoft); Brandon Haynes (Microsoft Gray Systems Lab); Shi Qiao (Keebo); Alekh  Jindal (Keebo); Jyoti Leeka (Microsoft)*,Pipemizer: An Optimizer for Analytics Data Pipelines
Sergey Redyuk (TU Berlin)*; Zoi Kaoudi (TU Berlin); Sebastian Schelter (University of Amsterdam); Volker Markl (Technische Universität Berlin),DORIAN in action: Assisted Design of Data Science Pipelines
Yuntian He (Ohio State University)*; Yue Zhang (The Ohio State University); Saket Gurukar (The Ohio State University); Srinivasan Parthasarathy (Ohio State University),WebMILE:  Democratizing Network Representation Learning at Scale
Nadja Geisler (TU Darmstadt)*; Benjamin Hättasch (TU Darmstadt); Carsten Binnig (TU Darmstadt),Demonstrating Quest: A Query-Driven Framework to Explain Classification Models on Tabular Data
Drew Ripberger (The Ohio State University)*; Yifan Gan (The Ohio State University); Xueyuan Ren (The Ohio State University); Yang Wang (The Ohio State University); Spyros Blanas (The Ohio State University),IsoBugView: Interactively Debugging Isolation Bugs in Database Applications
Yannis E Foufoulas (University of Athens)*; Alkis Simitsis (Athena Research Center); Yannis Ioannidis (University of Athens),YeSQL: Rich User-Defined Functions without the Overhead
Zhihui Yang (Zhejiang Lab)*; Yicong Huang (UC Irvine); Zuozhi Wang (U C IRVINE); Feng Gao (Zhejiang Lab); Yao Lu (Microsoft Research); Chen Li (UC Irvine); X. Sean Wang (Fudan University),Demonstration of Accelerating Machine Learning Inference Queries with Correlative Proxy Models
"Xiaozhen Liu (University of California, Irvine)*; Zuozhi Wang (U C IRVINE); Shengquan Ni (U C Irvine); Sadeem Alsudais (UCI); Yicong Huang (University of California, Irvine); Avinash Kumar (U C IRVINE); Chen Li (UC Irvine)",Demonstration of Collaborative and Interactive Workflow-Based Data Analytics in Texera
Ramon Antonio Rodriges Zalipynis (HSE University)*,SimDB in Action: Road Trafic Simulations Completely Inside Array DBMS
Gilbert Badaro (EURECOM)*; Paolo Papotti (Eurecom),Transformers for Tabular Data Representation: A Tutorial on Models and Applications
Felix Kiehn (Universität Hamburg); Mareike Schmidt (Universität Hamburg); Daniel Glake (Universität Hamburg); Fabian Panse (Universität Hamburg)*; Wolfram Wingerath (University of Oldenburg); Benjamin Wollmer (University of Hamburg); Martin Poppinga (Universität Hamburg); Norbert Ritter (Universität Hamburg),Polyglot Data Management: State of the Art & Open Challenges
Wasay Abdul (Intel Labs)*; Nesime Tatbul (Intel Labs and MIT); Justing Gottschlich (Merly AI),Machine Programming: Turning Data into Programmer Productivity
Guoliang Li (Tsinghua University)*; Haowen Dong (Tsinghua University); Chao Zhang (Tsinghua University),"Cloud Databases: New Techniques, Challenges, and Opportunities"
Amine Mhedhbi (University of Waterloo)*; Semih Salihoglu (University of Waterloo),"Modern Techniques for Querying Graph-Structured Relations: Foundations, System Implementations, and Open Challenges"
"Yixiang Fang (School of Data Science, The Chinese University of Hong Kong, Shenzhen); Wensheng Luo (School of Data Science, The Chinese University of Hong Kong, Shenzhen)*; Chenhao Ma (The University of Hong Kong)","Densest Subgraph Discovery on Large Graphs: Applications, Challenges, and Techniques"
Immanuel Trummer (Cornell)*,From BERT to GPT-3 Codex: Harnessing the Potential of Very Large Language Models for Data Management
Kaisong Huang (Simon Fraser University); Yuliang He (Simon Fraser University); Tianzheng Wang (Simon Fraser University)*,"The Past, Present and Future of Indexing on Persistent Memory"
Zoi Kaoudi (TU Berlin)*; Jorge Arnulfo Quiane Ruiz (TU Berlin),Unified Data Analytics: State-of-the-art and Open Problems
"Wenfei Fan (Shenzhen Institute of Computing Sciences, University of Edinburgh, Beihang University)*",Big Graphs: Challenges and Opportunities
Sihem Amer-Yahia (Univ. Grenoble Alpes)*,Towards AI-Powered Data-Driven Education
Yizhou Sun (UCLA)*; Jiawei Han (UIUC); Xifeng Yan (UCSB); Philip S. Yu (UIC); Tianyi Wu (Meta),"Heterogeneous Information Networks: the Past, the Present, and the Future"
Sudeepa Roy (Duke University)*,Toward Interpretable and Actionable Data Analysis with Explanations and Causality
Fatma Özcan (Google LLC)*,Reflections On My Data Management Research Journey (VLDB Women in Database Research Award Talk)
C. Mohan (Tsinghua University)*,Panel: Startups Founded by Database Researchers
"Magdalena Balazinska (University of Washington, Seattle);  Surajit Chaudhuri (Microsoft)*; AnHai Doan (University of Wisconsin, Madison); Joseph M. Hellerstein (University of California, Berkeley); Hanuma Kodavalla (Microsoft); Ippokratis Pandis (Amazon Web Services); Matei Zaharia (Stanford University)",Cloud Data Systems: What are the Opportunities for the Database Research Community?
"Sachin Basil John, Christoph Koch",High-dimensional Data Cubes
"Matteo Ceccarello, Johann Gamper",Fast and Scalable Mining of Time Series Motifs with Probabilistic Guarantees
"Daniel Deutch, Amir Gilad, Tova Milo, Amit Mualem, Amit Somech",FEDEX: An Explainability Framework for Data Exploration Steps
"Maria N Xekalaki, Juan Fumero, Athanasios Stratikopoulos, Katerina Doka, Christos Katsakioris, Constantinos Bitsakos, Nectarios Koziris, Christos Kotselidis",Enabling Transparent Acceleration of Big Data Frameworks using Heterogeneous Hardware
"Adriano Fazzone, Tommaso Lanciano, Riccardo Denni, Charalampos Tsourakakis, Francesco Bonchi",Discovering Polarization Niches via Dense Subgraphs with Attractors and Repulsers
"Eunjae Lee, Sam H. Noh, Jiwon Seo",Sage: A System for Uncertain Network Analysis
"Hongchao Qin, Rong-hua Li, Ye Yuan, Guoren Wang, Lu Qin, Zhiwei Zhang",Mining Bursting Core in Large Temporal Graph
"Xiang Yu, Chengliang Chai, Guoliang Li, Jiabin Liu",Cost-based or Learning-based? A Hybrid Query Optimizer for Query Plan Selection
"Jingfan Meng, Huayi Wang, Jun Xu, Mitsunori Ogihara",ONe Index for All  Kernels (ONIAK): A Zero Re-Indexing  LSH Solution to ANNS-ALT
"Jiachen Shi, Gao Cong, Xiaoli Li",Learned Index Benefits: Machine Learning Based Index Performance Estimation
"Jiachuan Wang, Peng Cheng, Libin Zheng, Lei  Chen, Wenjie Zhang",Online Ridesharing with Meeting Points
"Luigi Bellomarini, Davide Benedetto, Matteo Brandetti, Emanuel Sallinger",Exploiting the Power of Equality-generating Dependencies in Ontological Reasoning
"Anders Aamand, Debarati Das, Evangelos Kipouridis, Jakob B.t. Knudsen, Peter M.r. Rasmussen, Mikkel Thorup",No Repetition: Fast and Reliable Sampling with Highly Concentrated Hashing
"Lyes Attouche, Mohamed-amine Baazizi, Dario Colazzo, Giorgio Ghelli, Carlo Sartiani, Stefanie Scherzinger",Witness Generation for JSON Schema
"Shreya Shankar, Aditya Parameswaran",Towards Observability for Production Machine Learning Pipelines [Vision]
"Sekwon Lee, Soujanya Ponnapalli, Sharad Singhal, Marcos Aguilera, Kimberly Keeton, Vijay Chidambaram","DINOMO: An Elastic, Scalable, High-Performance Key-Value Store for Disaggregated Persistent Memory"
"Shreya Shankar, Stephen Macke, Sarah Chasins, Andrew Head, Aditya Parameswaran","Bolt-on, Compact, and Rapid Program Slicing for Notebooks [Scalable Data Science]"
"Weijie Sun, Zihuan Xu, Lei Chen",Fairness Matters: A Tit-For-Tat Strategy Against Selfish Mining
"Jialin Ding, Ryan C Marcus, Andreas Kipf, Vikram Nathan, Aniruddha Nrusimha, Kapil Vaidya, Alexander Van Renen, Tim Kraska",SageDB: An Instance-Optimized Data Analytics System
"Keven Richly, Rainer Schlosser, Martin Boissier",Budget-Conscious Fine-Grained Configuration Optimization for Spatio-Temporal Applications
"Cheng-yu Hsieh, Jieyu Zhang, Alexander J Ratner",Nemo: Guiding and Contextualizing Weak Supervision for Interactive Data Programming
